{
  "args0": [
    {
    "type": "field_dropdown",
    "name": "angle",
    "options": [
     [
      "pitch",
      "pitch"
     ],
     [
      "yaw",
      "yaw"
     ],
     [
      "roll",
      "roll"
     ]
    ]
    },
    {
      "type": "input_value",
      "name": "cval",
      "check": "Number"
    }
  ],
  "inputsInline": true,
  "previousStatement": null,
  "nextStatement": null,
  "colour": 61,
  "mcreator": {
    "toolbox_id": "fabriccamera",
    "toolbox_init": [
      "<value name=\"cval\"><block type=\"math_number\"><field name=\"NUM\">0</field></block></value>"
    ],
    "fields": [
      "angle"
],
 "inputs": [
      "cval"
    ]
  }
}
