{
 "args0": [
    {
     "type": "field_dropdown",
     "name": "coord",
     "options": [
       [
         "x",
         "X"
       ],
       [
         "y",
         "Y"
       ],
       [
         "z",
         "Z"
       ]
     ]
    },
    {
     "type": "input_value",
     "name": "entity",
     "check": "Entity"
    }
],
   "inputsInline": true,
   "output": "Number",
   "colour": "%{BKY_MATH_HUE}",
   "mcreator": {
     "toolbox_id": "fabricplayer",
     "toolbox_init": [
       "<value name=\"entity\"><block type=\"entity_from_deps\"></block></value>"
],
  "fields": [
    "coord"
  ],
  "inputs": [
    "entity"
   ]
  }
}
