{
"args0": [
   {
       "type":"field_dropdown",
       "name":"attribute",
       "options": [
       [
           "Max Health",
           "net.minecraft.world.entity.ai.attributes.Attributes.MAX_HEALTH"
       ],
       [
           "Armor",
           "net.minecraft.world.entity.ai.attributes.Attributes.ARMOR"
       ],
       [
           "Armor Toughness",
           "net.minecraft.world.entity.ai.attributes.Attributes.ARMOR_TOUGHNESS"
       ],
       [
           "Attack Damage",
           "net.minecraft.world.entity.ai.attributes.Attributes.ATTACK_DAMAGE"
       ],
       [
           "Attack Speed",
           "net.minecraft.world.entity.ai.attributes.Attributes.ATTACK_SPEED"
       ],
       [
           "Knockback Resistance",
           "net.minecraft.world.entity.ai.attributes.Attributes.KNOCKBACK_RESISTANCE"
       ],
       [
           "Follow Range",
           "net.minecraft.world.entity.ai.attributes.Attributes.FOLLOW_RANGE"
       ],
       [
           "Movement Speed",
           "net.minecraft.world.entity.ai.attributes.Attributes.MOVEMENT_SPEED"
       ],
       [
           "Luck",
           "net.minecraft.world.entity.ai.attributes.Attributes.LUCK"
       ],
       [
           "Step Height Addition",
           "PortingLibAttributes.STEP_HEIGHT_ADDITION"
       ],
       [
           "Gravity",
           "PortingLibAttributes.ENTITY_GRAVITY"
       ],
       [
           "Swim Speed",
           "PortingLibAttributes.SWIM_SPEED"
       ]
       ]
   },
   {
       "type":"input_value",
       "name":"entity",
       "check":"Entity"
   }
],
"inputsInline": true,
"output": "Number",
"colour": 87,
"extensions": [
],
"mcreator": {
   "toolbox_id": "fabricessentials",
   "toolbox_init": [
       "<value name=\"entity\"><block type=\"entity_from_deps\"></block></value>"   ],
   "fields": [
       "attribute"
   ],
   "inputs": [
       "entity"
   ],
   "dependencies": [
       {
           "type": "entity",
           "name": "entity"
       }
   ]
}
}
