  {
    "args0": [
      {
        "type": "input_dummy"
      },
      {
        "type": "input_value",
        "name": "milisecond",
        "check": "Number"
      },
      {
        "type": "input_dummy"
      },
      {
        "type": "input_statement",
        "name": "do"
      }
    ],
    "inputsInline": true,
    "previousStatement": null,
    "nextStatement": null,
    "colour": 238,
    "mcreator": {
      "toolbox_id": "fabricessentials",
      "toolbox_init": [
        "<value name=\"milisecond\"><block type=\"math_number\"><field name=\"NUM\">1000</field></block></value>"
      ],
      "inputs": [
        "milisecond"
      ],
      "statements": [
        {
          "name": "do",
          "disable_local_variables": true
        }
      ]
    }
  }
